# time,total_carbon_flux_mean (Mt C/yr),total_carbon_flux_max (Mt C/yr),total_carbon_flux_min (Mt C/yr),slab_flux (km2/yr),slab_flux_max (km2/yr),slab_flux_min (km2/yr),lithosphere_carbon_flux_mean (Mt C/yr),lithosphere_carbon_flux_max (Mt C/yr),lithosphere_carbon_flux_min (Mt C/yr),serpentinite_carbon_flux_mean (Mt C/yr),serpentinite_carbon_flux_max(Mt C/yr),serpentinite_carbon_flux_min (Mt C/yr),crust_carbon_flux_mean (Mt C/yr),crust_carbon_flux_max (Mt C/yr),crust_carbon_flux_min (Mt C/yr),crust_sediment_flux_mean (Mt C/yr),crust_sediment_flux_max (Mt C/yr),crust_sediment_flux_min (Mt C/yr)
1.0,91.78333333333332,199.4466666666667,52.072,2.046666666666667,4.76,1.1560000000000001,11.103333333333333,25.900000000000002,10.463333333333333,2.08,4.763333333333334,1.9600000000000002,14.123333333333335,33.083333333333336,13.350000000000001,64.48333333333333,135.7,61.01666666666666
2.0,78.28999999999999,140.46800000000002,66.29,1.9759999999999998,3.3659999999999997,1.6320000000000001,10.784,18.746,9.154,2.056,3.7520000000000002,1.8719999999999999,13.708000000000002,23.55,11.398,51.75,94.41999999999999,43.870000000000005
3.0,70.566,129.22,65.658,2.0660000000000003,3.838,1.916,11.024,20.232000000000003,10.284,1.8579999999999999,3.7159999999999997,1.77,13.762,24.810000000000002,12.768,43.926,80.46200000000002,40.84
4.0,79.164,141.698,73.014,2.476,4.3660000000000005,2.244,12.777999999999999,22.869999999999997,11.658,2.3579999999999997,4.46,2.15,15.510000000000002,26.622000000000003,14.285999999999998,48.516000000000005,87.74600000000001,44.918
5.0,70.184,139.934,56.239999999999995,2.454,4.574,1.936,12.569999999999999,23.711999999999996,9.744,2.896,5.2780000000000005,2.038,15.384,28.55,12.48,39.33200000000001,82.39000000000001,31.982
6.0,63.89,123.77399999999997,38.204,2.04,3.8879999999999995,1.2260000000000002,10.764000000000001,20.556,6.464,3.0380000000000003,5.99,2.2975000000000003,13.669999999999998,25.012,8.200000000000001,36.422000000000004,72.21799999999999,21.699999999999996
7.0,83.608,123.172,26.796000000000003,2.4,3.4620000000000006,0.8300000000000001,12.472,18.57,4.3,1.9759999999999998,2.992,0.732,17.418,24.78,6.122,51.746,76.83,15.65
8.0,124.848,137.394,26.197999999999997,3.636,4.056,0.8560000000000001,19.898,21.832,4.539999999999999,4.042,4.3340000000000005,1.006,25.601999999999997,28.401999999999997,6.166,75.30600000000001,82.828,14.488
9.0,155.24,159.59,32.706,4.26,4.390000000000001,0.898,24.077999999999996,24.818,5.224000000000001,4.68,4.8020000000000005,0.9360000000000002,29.868000000000002,30.824,6.583999999999999,96.614,99.148,19.96
10.0,189.23,276.658,153.292,5.636,8.462,4.5280000000000005,30.877999999999997,45.326,24.706,6.504,9.252,5.162,38.928,57.676,31.608000000000004,112.92199999999998,164.404,91.814
11.0,250.70999999999998,356.776,202.4,7.523999999999999,10.902000000000001,6.056,45.51,65.21,36.29,9.828,13.663999999999998,7.780000000000001,51.312,73.178,41.762,144.06,204.724,116.56800000000001
12.0,260.986,366.214,211.41199999999998,8.414,11.842,6.812,51.646,72.99,41.164,12.01,16.928,9.406,55.260000000000005,76.502,45.29600000000001,142.06799999999998,199.798,115.55199999999999
13.0,279.506,388.15999999999997,230.61400000000003,8.89,12.472000000000001,7.336,54.976,77.98,44.715999999999994,12.946000000000002,18.308,10.258,58.602,80.658,48.85,152.98399999999998,211.214,126.78599999999999
14.0,273.216,376.06000000000006,228.66199999999998,9.044,12.68,7.504,55.842000000000006,78.91399999999999,45.708000000000006,13.790000000000001,19.312,10.972,58.08,79.656,48.774,145.504,198.18200000000002,123.208
15.0,279.236,384.78599999999994,236.72400000000002,9.58,13.478,8.006,59.948,85.31,49.326,14.546000000000001,20.926,11.526,61.282,83.84400000000001,52.158,143.45999999999998,194.708,123.71200000000002
16.0,293.01800000000003,405.93999999999994,251.86399999999998,9.796,13.862,8.32,60.382000000000005,85.924,50.254,13.928,19.692,11.169999999999998,64.952,89.40799999999999,55.803999999999995,153.754,210.91799999999998,134.63400000000001
17.0,270.79999999999995,375.106,234.004,9.128,13.05,7.82,54.17999999999999,77.67800000000001,45.894000000000005,13.483999999999998,18.692,10.941999999999998,60.86999999999999,84.16,52.653999999999996,142.268,194.578,124.51599999999999
18.0,260.22799999999995,360.158,225.92399999999998,9.606,13.809999999999999,8.319999999999999,56.512,81.66,47.79,14.23,19.708,11.608,63.977999999999994,88.814,55.89399999999999,125.51400000000001,169.972,110.63399999999999
19.0,239.38600000000002,330.03599999999994,208.97400000000002,9.362,13.530000000000001,8.158000000000001,50.104,72.85,42.95399999999999,12.186,17.218,9.959999999999999,62.854,87.28399999999999,55.162,114.24000000000001,152.686,100.898
20.0,252.262,343.52200000000005,219.158,9.406,13.303999999999998,8.204,46.964,66.358,40.708,10.142,14.197999999999999,8.446000000000002,64.65,88.16,56.745999999999995,130.502,174.808,113.26199999999999
21.0,267.53200000000004,362.13199999999995,232.67,10.394,14.502,9.005999999999998,51.036,71.152,44.168,9.870000000000001,13.412,8.376000000000001,72.08000000000001,98.24999999999999,62.74400000000001,134.546,179.322,117.38600000000001
22.0,263.082,352.48,228.41,10.475999999999999,14.437999999999999,9.041999999999998,52.038,71.474,44.848,10.24,13.508000000000001,8.634,72.55199999999999,98.144,62.79200000000001,128.248,169.348,112.13999999999999
23.0,251.474,336.698,215.62599999999998,9.844,13.413999999999998,8.39,50.559999999999995,69.05,42.97,11.014,14.819999999999999,9.225999999999999,68.44000000000001,91.98800000000001,58.71600000000001,121.46,160.84,104.71399999999998
24.0,221.45,297.346,188.474,9.246,12.544,7.803999999999999,48.856,65.684,41.41799999999999,9.602,12.674,8.128,64.50399999999999,86.78399999999999,54.81,98.48999999999998,132.202,84.116
25.0,276.038,370.21999999999997,231.79000000000002,11.424,15.574000000000002,9.602,62.60799999999999,85.00399999999999,52.089999999999996,14.075999999999999,18.706,11.348,77.982,105.152,65.912,121.372,161.356,102.44200000000001
26.0,224.638,314.154,183.732,10.666,15.084,8.668,48.519999999999996,68.92999999999999,39.541999999999994,4.7379999999999995,7.0680000000000005,3.872,73.39399999999999,102.018,59.70799999999999,97.984,136.138,80.61
27.0,220.83,312.706,176.732,10.126,14.416,8.081999999999999,45.912,65.97200000000001,36.65,4.204,7.0120000000000005,3.2380000000000004,73.928,102.824,59.364,96.78600000000002,136.898,77.47599999999998
28.0,220.25,309.41999999999996,176.048,10.084,14.336000000000002,7.978,45.614000000000004,65.07000000000001,36.208,3.6399999999999997,5.774000000000001,2.942,72.646,100.852,58.224000000000004,98.352,137.72600000000003,78.676
29.0,177.294,247.73600000000002,140.496,8.022,11.248000000000001,6.345999999999999,36.42999999999999,51.18,28.871999999999996,3.872,5.914,3.0020000000000002,60.074,82.696,47.944,76.91799999999999,107.946,60.67999999999999
30.0,185.072,253.48599999999996,143.55,8.026,11.058,6.23,37.944,52.152,29.496,6.061999999999999,8.591999999999999,4.51,59.782,80.834,46.958000000000006,81.28,111.90599999999999,62.586
31.0,189.208,255.98200000000003,145.426,8.214,11.134,6.319999999999999,37.96,51.370000000000005,29.157999999999998,6.069999999999999,8.456,4.358,60.86600000000001,81.328,47.42199999999999,84.308,114.83,64.49
32.0,173.526,231.788,129.85999999999999,7.5920000000000005,10.175999999999998,5.676,35.233999999999995,47.138,26.252000000000002,5.7459999999999996,7.910000000000001,3.9979999999999998,55.616,73.55799999999999,42.172000000000004,76.92999999999999,103.184,57.438
33.0,156.70200000000003,206.82800000000003,114.662,6.837999999999999,9.065999999999999,5.004,31.52,41.618,22.991999999999997,4.7620000000000005,6.386,3.1740000000000004,50.416,66.08,37.403999999999996,70.00800000000001,92.74199999999999,51.09
34.0,177.466,229.67000000000002,125.998,7.768000000000001,10.096,5.502,35.786,46.294,25.318,5.258,6.843999999999999,3.45,56.739999999999995,73.138,40.786,79.68599999999999,103.396,56.448
35.0,193.094,248.16199999999998,134.1,8.516000000000002,10.982,5.9079999999999995,38.826,50.013999999999996,26.744,5.422,7.2379999999999995,3.248,61.55800000000001,78.65,43.42999999999999,87.288,112.25999999999999,60.67999999999999
36.0,177.276,224.18199999999996,124.72,7.872,9.995999999999999,5.534000000000001,35.888,45.343999999999994,25.248,3.624,4.5440000000000005,2.402,58.576,74.228,41.418,79.19200000000001,100.066,55.65400000000001
37.0,187.436,234.73000000000002,130.11399999999998,8.404,10.556000000000001,5.840000000000001,38.221999999999994,47.732,26.582,3.2159999999999997,3.978,2.056,62.217999999999996,78.28399999999999,43.322,83.78,104.73400000000001,58.15400000000001
38.0,186.148,231.05599999999998,128.85399999999998,8.544,10.617999999999999,5.906000000000001,38.86,48.084,26.988,4.362,5.22,3.086,62.738,78.284,43.282000000000004,80.186,99.47,55.496
39.0,184.74200000000002,228.44399999999996,126.744,8.552000000000001,10.578,5.851999999999999,38.35,47.342,26.216,3.474,4.25,2.272,62.57000000000001,77.75,42.715999999999994,80.35600000000001,99.098,55.538
40.0,187.022,229.046,128.196,8.786,10.758,5.991999999999999,39.498000000000005,48.284,26.926,4.272,5.218,2.868,63.448,78.116,43.092,79.804,97.428,55.31
41.0,180.624,220.402,123.574,8.842000000000002,10.774,6.002000000000001,39.748,48.354,27.012,4.398000000000001,5.328,2.972,62.842,77.20599999999999,42.396,73.63000000000001,89.51599999999999,51.196000000000005
42.0,164.512,200.16199999999998,112.958,7.928,9.691999999999998,5.337999999999999,36.102,43.934000000000005,24.45,4.922,5.818,3.55,56.958000000000006,70.166,38.112,66.52799999999999,80.24,46.848
43.0,155.36,187.82999999999998,105.35,7.519999999999999,9.129999999999999,5.002000000000001,33.922000000000004,41.09400000000001,22.678,4.422,5.292,3.126,54.028000000000006,66.15599999999999,35.694,62.989999999999995,75.29,43.854
44.0,143.352,172.014,95.916,7.034000000000001,8.47,4.62,32.116,38.55200000000001,21.294,4.953999999999999,5.767999999999999,3.63,50.019999999999996,60.86,32.518,56.263999999999996,66.836,38.474000000000004
45.0,158.89000000000001,190.08800000000002,103.814,7.758,9.28,5.016,36.540000000000006,43.586,23.854000000000003,7.668000000000001,8.906,5.392,53.83,65.188,34.29599999999999,60.84799999999999,72.40599999999999,40.266
46.0,170.914,202.16,108.97,8.134,9.586,5.192,38.678,45.464,24.918,8.756,9.998000000000001,6.025999999999999,56.67999999999999,67.41999999999999,35.68599999999999,66.8,79.27799999999999,42.332
47.0,167.83999999999997,199.08,105.47199999999998,8.306000000000001,9.822,5.252,39.571999999999996,46.612,25.153999999999996,9.182,10.498000000000001,6.023999999999999,56.98199999999999,68.056,35.394,62.102,73.91600000000001,38.896
48.0,179.642,213.41799999999998,110.22999999999999,8.642,10.274000000000001,5.27,40.99399999999999,48.656000000000006,24.896,8.042,9.434,4.704,61.19,73.074,37.25599999999999,69.41600000000001,82.258,43.372
49.0,174.686,206.164,106.16399999999999,8.366,9.872000000000002,5.064,40.118,47.262,24.174,7.453999999999999,8.702000000000002,4.414,59.412,70.42999999999999,35.882,67.69800000000001,79.774,41.69
50.0,182.29400000000004,214.152,109.864,9.008,10.54,5.43,41.954,49.17999999999999,25.259999999999998,6.4719999999999995,7.747999999999999,3.8340000000000005,62.291999999999994,73.28999999999999,37.227999999999994,71.572,83.92999999999999,43.538
51.0,191.528,223.6,113.2,9.226,10.732,5.448,43.653999999999996,50.864,25.768,6.843999999999999,8.163999999999998,3.9200000000000004,64.086,74.952,37.658,76.946,89.62,45.854
52.0,206.56199999999998,237.346,122.03399999999999,10.213999999999999,11.732000000000001,6.004,47.827999999999996,54.944,28.137999999999998,7.06,8.142,4.128,70.56199999999998,81.396,41.332,81.114,92.862,48.43600000000001
53.0,208.09,238.552,122.24600000000001,10.419999999999998,11.954,6.078,47.384,54.352,27.588,7.1800000000000015,8.164000000000001,4.182,71.51200000000001,82.356,41.63599999999999,82.014,93.684,48.838
54.0,216.238,246.696,124.98200000000001,10.927999999999999,12.484,6.271999999999999,50.682,57.972,28.907999999999998,8.703999999999999,9.986,4.813999999999999,73.918,84.66199999999999,42.598,82.936,94.076,48.662
55.0,205.25,234.31400000000002,116.4,10.458,11.956,5.888,48.348,55.39200000000001,27.05,8.41,9.77,4.476,71.06,81.40799999999999,40.072,77.43,87.744,44.804
56.0,165.656,188.254,92.644,9.014,10.297999999999998,4.98,40.706,46.554,22.404,5.178,5.952,2.78,60.331999999999994,68.814,33.690000000000005,59.436,66.94,33.768
57.0,165.756,187.57399999999998,91.654,8.972,10.21,4.914,41.076,46.766,22.450000000000003,6.7219999999999995,7.606,3.69,59.220000000000006,67.24199999999999,32.616,58.737999999999985,65.958,32.898
58.0,166.094,187.544,91.446,8.708,9.85,4.74,40.108000000000004,45.386,21.754,6.7379999999999995,7.566000000000001,3.772,59.592,67.568,32.738,59.656000000000006,67.024,33.186
59.0,174.08800000000002,196.99599999999998,93.66600000000001,9.104000000000001,10.32,4.87,42.952000000000005,48.676,22.91,8.82,9.834,4.952,63.178,71.668,34.164,59.136,66.818,31.639999999999997
60.0,178.85200000000003,201.652,94.536,9.322,10.514,4.9,45.016,50.688,23.546,10.322,11.376,5.762,65.28,73.82199999999999,34.74,58.239999999999995,65.764,30.49
61.0,192.30599999999998,216.658,100.348,10.098,11.373999999999999,5.274,50.11,56.379999999999995,25.762,11.342000000000002,12.556000000000001,6.332,71.03,80.22999999999999,37.372,59.826,67.49,30.882000000000005
62.0,209.37399999999997,236.502,107.494,11.267999999999999,12.75,5.75,55.215999999999994,62.525999999999996,28.038,12.544,13.930000000000001,7.134,79.106,89.582,40.8,62.508,70.466,31.522000000000002
63.0,224.52800000000002,256.31800000000004,113.702,11.947999999999999,13.688000000000002,5.988,58.702,67.39399999999999,29.48,14.572,16.764,8.22,84.44200000000001,96.36600000000001,42.726,66.80999999999999,75.796,33.274
64.0,240.26399999999998,275.408,121.018,13.065999999999999,14.985999999999999,6.492,64.512,74.128,32.303999999999995,15.274000000000001,17.326,8.91,89.998,103.098,45.074,70.478,80.85600000000001,34.728
65.0,212.032,243.358,104.53800000000001,12.564,14.419999999999998,6.1800000000000015,60.89200000000001,69.942,30.132000000000005,13.422,15.224,7.468000000000001,79.714,91.374,39.374,58.00599999999999,66.812,27.566000000000003
