# time,total_carbon_flux_mean (Mt C/yr),total_carbon_flux_max (Mt C/yr),total_carbon_flux_min (Mt C/yr),slab_flux (km3/yr),slab_flux_max (km3/yr),slab_flux_min (km3/yr),lithosphere_carbon_flux_mean (Mt C/yr),lithosphere_carbon_flux_max (Mt C/yr),lithosphere_carbon_flux_min (Mt C/yr),serpentinite_carbon_flux_mean (Mt C/yr),serpentinite_carbon_flux_max(Mt C/yr),serpentinite_carbon_flux_min (Mt C/yr),crust_carbon_flux_mean (Mt C/yr),crust_carbon_flux_max (Mt C/yr),crust_carbon_flux_min (Mt C/yr),crust_sediment_flux_mean (Mt C/yr),crust_sediment_flux_max (Mt C/yr),crust_sediment_flux_min (Mt C/yr)
1.0,91.78333333333332,199.4466666666667,52.072,142.07,334.7966666666666,80.78200000000001,11.103333333333333,25.900000000000002,10.463333333333333,2.08,4.763333333333334,1.9600000000000002,14.123333333333335,33.083333333333336,13.350000000000001,64.48333333333333,135.7,61.01666666666666
2.0,78.28999999999999,140.46800000000002,66.29,139.15,241.57,116.51799999999999,10.784,18.746,9.154,2.056,3.7520000000000002,1.8719999999999999,13.706,23.547999999999995,11.398,51.75,94.422,43.870000000000005
3.0,70.566,129.22,65.66,139.92000000000002,250.65400000000005,129.906,11.024,20.232000000000003,10.284,1.8579999999999999,3.7159999999999997,1.77,13.762,24.810000000000002,12.768,43.926,80.46200000000002,40.84
4.0,79.164,141.698,73.014,153.02200000000002,261.76,141.32600000000002,12.777999999999999,22.871999999999996,11.658,2.3579999999999997,4.46,2.15,15.510000000000002,26.622000000000003,14.285999999999998,48.516000000000005,87.74600000000001,44.92
5.0,70.184,139.934,56.239999999999995,144.308,266.74199999999996,118.832,12.569999999999999,23.714000000000002,9.744,2.896,5.2780000000000005,2.038,15.384,28.55,12.48,39.33200000000001,82.388,31.982
6.0,63.89,123.77399999999997,38.202000000000005,125.148,224.61999999999998,75.904,10.764000000000001,20.556,6.464,3.0380000000000003,5.99,2.2975000000000003,13.669999999999998,25.012,8.200000000000001,36.42,72.21799999999999,21.699999999999996
7.0,83.608,123.172,26.794,166.252,234.81400000000002,59.426,12.472,18.568,4.3,1.9759999999999998,2.992,0.732,17.418,24.78,6.122,51.746,76.83,15.65
8.0,124.848,137.39600000000002,26.199999999999996,238.89600000000002,263.98999999999995,59.34400000000001,19.898,21.832,4.539999999999999,4.042,4.3340000000000005,1.006,25.601999999999997,28.401999999999997,6.166,75.30600000000001,82.828,14.488
9.0,155.24,159.59,32.706,277.09000000000003,286.304,62.572,24.077999999999996,24.818,5.224000000000001,4.68,4.8020000000000005,0.9360000000000002,29.868000000000002,30.824,6.583999999999999,96.614,99.148,19.96
10.0,189.23,276.658,153.292,353.46000000000004,517.612,289.788,30.877999999999997,45.327999999999996,24.706,6.504,9.252,5.162,38.928,57.676,31.608000000000004,112.92199999999998,164.404,91.814
11.0,250.712,356.77799999999996,202.4,461.78999999999996,649.478,379.71999999999997,45.512,65.21,36.29,9.828,13.663999999999998,7.780000000000001,51.312,73.178,41.762,144.06199999999998,204.726,116.56800000000001
12.0,260.984,366.212,211.41199999999998,483.928,661.3879999999999,401.29200000000003,51.646,72.99,41.162,12.01,16.928,9.406,55.260000000000005,76.502,45.29600000000001,142.06799999999998,199.798,115.55199999999999
13.0,279.504,388.15999999999997,230.61400000000003,503.72200000000004,684.862,424.24800000000005,54.976,77.978,44.715999999999994,12.943999999999999,18.308,10.258,58.602,80.658,48.85,152.98399999999998,211.214,126.78599999999999
14.0,273.216,376.064,228.67000000000002,490.48799999999994,664.326,416.492,55.842000000000006,78.91399999999999,45.708000000000006,13.790000000000001,19.312,10.972,58.08,79.656,48.774,145.504,198.18400000000003,123.208
15.0,279.236,384.78599999999994,236.72400000000002,517.6980000000001,698.316,445.678,59.948,85.31,49.326,14.546000000000001,20.926,11.526,61.282,83.84200000000001,52.158,143.45999999999998,194.706,123.71200000000002
16.0,293.01599999999996,405.938,251.86399999999998,562.346,762.9039999999999,487.20200000000006,60.379999999999995,85.92,50.254,13.928,19.692,11.169999999999998,64.95,89.40599999999999,55.806000000000004,153.756,210.91799999999998,134.632
17.0,270.79999999999995,375.106,234.004,521.1659999999999,707.212,454.51200000000006,54.17999999999999,77.67800000000001,45.894000000000005,13.483999999999998,18.692,10.941999999999998,60.86999999999999,84.16,52.653999999999996,142.268,194.576,124.51599999999999
18.0,260.22799999999995,360.15,225.92199999999997,541.5600000000001,736.3,476.438,56.512,81.65599999999999,47.79,14.23,19.708,11.608,63.977999999999994,88.814,55.89399999999999,125.51200000000001,169.97,110.63399999999999
19.0,239.388,330.03599999999994,208.978,523.27,709.0519999999999,462.86400000000003,50.104,72.85,42.95399999999999,12.186,17.218,9.959999999999999,62.855999999999995,87.28399999999999,55.162,114.242,152.68800000000002,100.898
20.0,252.262,343.52,219.158,544.396,729.722,480.51000000000005,46.964,66.358,40.708,10.139999999999999,14.197999999999999,8.446000000000002,64.65,88.16,56.745999999999995,130.502,174.808,113.26199999999999
21.0,267.53200000000004,362.13199999999995,232.67,614.136,826.6619999999999,536.882,51.036,71.15,44.168,9.870000000000001,13.412,8.376000000000001,72.078,98.24999999999999,62.74400000000001,134.546,179.322,117.38600000000001
22.0,263.08000000000004,352.48,228.41,616.356,827.1940000000001,534.65,52.038,71.476,44.848,10.24,13.508000000000001,8.634,72.55199999999999,98.146,62.79200000000001,128.248,169.348,112.13799999999999
23.0,251.474,336.70199999999994,215.628,577.124,771.298,496.802,50.559999999999995,69.05,42.97,11.014,14.819999999999999,9.225999999999999,68.44000000000001,91.99000000000001,58.71600000000001,121.46,160.84,104.71399999999998
24.0,221.452,297.34800000000007,188.476,536.826,719.624,458.63800000000003,48.856,65.686,41.41799999999999,9.602,12.674,8.128,64.50399999999999,86.78599999999999,54.81,98.48999999999998,132.202,84.116
25.0,276.04200000000003,370.224,231.794,645.0959999999999,864.2280000000001,548.3340000000001,62.61,85.00399999999999,52.092000000000006,14.075999999999999,18.706,11.348,77.982,105.15599999999999,65.912,121.372,161.356,102.444
26.0,224.63600000000002,314.152,183.73,625.964,860.7359999999999,510.82399999999996,48.519999999999996,68.92999999999999,39.541999999999994,4.7379999999999995,7.0680000000000005,3.87,73.39399999999999,102.018,59.70799999999999,97.98600000000002,136.138,80.61
27.0,220.82799999999997,312.7,176.73,581.642,797.888,472.98799999999994,45.912,65.968,36.65,4.204,7.0120000000000005,3.2380000000000004,73.926,102.824,59.364,96.78400000000002,136.89600000000002,77.47399999999999
28.0,220.25200000000004,309.424,176.05,614.21,841.802,496.398,45.614000000000004,65.07000000000001,36.208,3.6399999999999997,5.774000000000001,2.942,72.646,100.854,58.224000000000004,98.352,137.728,78.676
29.0,177.294,247.73600000000002,140.496,526.544,713.5179999999999,423.474,36.42999999999999,51.18,28.871999999999996,3.872,5.914,3.0020000000000002,60.074,82.696,47.944,76.91799999999999,107.94800000000001,60.67999999999999
30.0,185.072,253.48599999999996,143.55,515.744,686.2459999999999,409.06000000000006,37.944,52.152,29.496,6.061999999999999,8.591999999999999,4.51,59.782,80.836,46.958000000000006,81.28,111.90799999999999,62.586
31.0,189.208,255.98200000000003,145.428,514.6179999999999,677.766,404.82199999999995,37.96,51.370000000000005,29.157999999999998,6.069999999999999,8.456,4.358,60.86600000000001,81.33,47.42199999999999,84.31,114.828,64.49
32.0,173.526,231.78599999999997,129.856,465.242,606.73,357.46000000000004,35.233999999999995,47.138,26.252000000000002,5.7459999999999996,7.910000000000001,3.9979999999999998,55.616,73.55799999999999,42.17,76.92999999999999,103.18199999999999,57.438
33.0,156.70200000000003,206.82600000000002,114.662,419.30600000000004,542.422,315.31,31.52,41.618,22.991999999999997,4.7620000000000005,6.386,3.1740000000000004,50.414,66.08,37.403999999999996,70.00800000000001,92.74199999999999,51.09
34.0,177.46800000000002,229.67200000000003,126.0,462.13800000000003,590.962,337.15,35.786,46.294,25.318,5.258,6.843999999999999,3.45,56.739999999999995,73.138,40.786,79.688,103.396,56.45
35.0,193.094,248.16199999999998,134.1,494.82000000000005,628.4,354.17,38.826,50.013999999999996,26.744,5.422,7.2379999999999995,3.248,61.556000000000004,78.65,43.42999999999999,87.286,112.25999999999999,60.67999999999999
36.0,177.276,224.18199999999996,124.72,487.524,617.54,345.642,35.888,45.343999999999994,25.248,3.624,4.5440000000000005,2.402,58.576,74.226,41.416000000000004,79.19200000000001,100.066,55.65200000000001
37.0,187.436,234.73199999999997,130.11599999999999,513.942,647.8140000000001,357.578,38.221999999999994,47.732,26.580000000000002,3.2159999999999997,3.978,2.056,62.217999999999996,78.28399999999999,43.322,83.78,104.73400000000001,58.15400000000001
38.0,186.148,231.058,128.856,514.338,644.9739999999999,352.288,38.86,48.084,26.99,4.362,5.22,3.086,62.738,78.284,43.282000000000004,80.188,99.472,55.498000000000005
39.0,184.744,228.44399999999996,126.744,509.21000000000004,636.02,344.78,38.35,47.342,26.216,3.474,4.25,2.272,62.57000000000001,77.75,42.715999999999994,80.35600000000001,99.098,55.54
40.0,187.022,229.046,128.196,505.242,627.4,338.924,39.498000000000005,48.284,26.926,4.272,5.218,2.868,63.448,78.116,43.092,79.804,97.428,55.31
41.0,180.62,220.402,123.574,494.774,613.9680000000001,329.58200000000005,39.745999999999995,48.354,27.012,4.398000000000001,5.328,2.972,62.842,77.202,42.396,73.62800000000001,89.514,51.196000000000005
42.0,164.512,200.16,112.958,444.012,553.446,292.504,36.102,43.934000000000005,24.45,4.922,5.818,3.55,56.958000000000006,70.166,38.112,66.52799999999999,80.24,46.848
43.0,155.36,187.82999999999998,105.352,416.55,516.7479999999999,270.316,33.922000000000004,41.09400000000001,22.678,4.422,5.292,3.126,54.028000000000006,66.15599999999999,35.694,62.989999999999995,75.29,43.854
44.0,143.352,172.01600000000002,95.914,377.87,466.03599999999994,241.212,32.116,38.55200000000001,21.294,4.953999999999999,5.767999999999999,3.63,50.019999999999996,60.86,32.518,56.263999999999996,66.836,38.474000000000004
45.0,158.89000000000001,190.08800000000002,103.814,391.564,481.988,243.054,36.542,43.586,23.854000000000003,7.668000000000001,8.906,5.392,53.83,65.188,34.29599999999999,60.84799999999999,72.40599999999999,40.266
46.0,170.916,202.164,108.97,416.86400000000003,503.934,254.85,38.678,45.464,24.918,8.758,10.0,6.025999999999999,56.67999999999999,67.41999999999999,35.688,66.8,79.28,42.332
47.0,167.83999999999997,199.07800000000003,105.47199999999998,415.06000000000006,503.166,249.936,39.57,46.612,25.153999999999996,9.182,10.498000000000001,6.023999999999999,56.98199999999999,68.056,35.394,62.102,73.91600000000001,38.896
48.0,179.644,213.41799999999998,110.228,463.32399999999996,556.7479999999999,279.25600000000003,40.99399999999999,48.658,24.896,8.042,9.434,4.704,61.19,73.074,37.25599999999999,69.418,82.258,43.372
49.0,174.686,206.164,106.16399999999999,451.3459999999999,538.378,270.048,40.118,47.262,24.174,7.453999999999999,8.702000000000002,4.414,59.414,70.42999999999999,35.882,67.69800000000001,79.774,41.69
50.0,182.29400000000004,214.152,109.864,467.4440000000001,553.17,276.248,41.954,49.17999999999999,25.259999999999998,6.4719999999999995,7.747999999999999,3.8340000000000005,62.294000000000004,73.28999999999999,37.227999999999994,71.572,83.928,43.538
51.0,191.528,223.6,113.2,484.662,569.5820000000001,283.448,43.653999999999996,50.864,25.768,6.843999999999999,8.163999999999998,3.9200000000000004,64.086,74.952,37.658,76.946,89.62,45.854
52.0,206.56599999999997,237.346,122.03399999999999,525.3599999999999,609.22,306.15,47.827999999999996,54.946000000000005,28.137999999999998,7.06,8.142,4.128,70.56199999999998,81.396,41.332,81.114,92.864,48.438
53.0,208.09,238.552,122.24600000000001,531.842,615.168,308.5279999999999,47.384,54.352,27.588,7.1800000000000015,8.164000000000001,4.182,71.51200000000001,82.356,41.63599999999999,82.014,93.684,48.838
54.0,216.23600000000002,246.696,124.98000000000002,544.82,625.826,314.48,50.682,57.970000000000006,28.907999999999998,8.703999999999999,9.986,4.813999999999999,73.918,84.66199999999999,42.598,82.936,94.074,48.662
55.0,205.246,234.31199999999998,116.396,517.786,593.7819999999999,293.51800000000003,48.348,55.39200000000001,27.05,8.41,9.77,4.476,71.06,81.40799999999999,40.072,77.42800000000001,87.74,44.80200000000001
56.0,165.656,188.254,92.644,448.63,511.23400000000004,252.652,40.706,46.554,22.404,5.178,5.952,2.78,60.331999999999994,68.814,33.690000000000005,59.436,66.94,33.768
57.0,165.756,187.57399999999998,91.654,442.418,502.054,247.33,41.076,46.766,22.450000000000003,6.7219999999999995,7.606,3.69,59.220000000000006,67.24199999999999,32.616,58.737999999999985,65.958,32.898
58.0,166.094,187.544,91.444,440.53000000000003,499.68999999999994,244.11399999999998,40.108000000000004,45.386,21.754,6.7379999999999995,7.566000000000001,3.772,59.592,67.568,32.738,59.656000000000006,67.024,33.186
59.0,174.086,196.998,93.66600000000001,469.7200000000001,532.784,257.256,42.952000000000005,48.676,22.91,8.82,9.834,4.952,63.178,71.668,34.164,59.136,66.818,31.639999999999997
60.0,178.85200000000003,201.648,94.536,480.74399999999997,544.188,259.384,45.013999999999996,50.688,23.546,10.322,11.376,5.762,65.28,73.82,34.74,58.238,65.764,30.49
61.0,192.308,216.66,100.35,519.996,588.9,276.988,50.11,56.382000000000005,25.762,11.342000000000002,12.556000000000001,6.332,71.03,80.22999999999999,37.372,59.826,67.49,30.882000000000005
62.0,209.368,236.5,107.494,566.812,640.7139999999999,297.876,55.215999999999994,62.525999999999996,28.038,12.542,13.928,7.134,79.106,89.582,40.8,62.508,70.466,31.522000000000002
63.0,224.52800000000002,256.32,113.704,624.2239999999999,709.2900000000001,320.946,58.702,67.396,29.48,14.572,16.764,8.22,84.44200000000001,96.36800000000001,42.726,66.80999999999999,75.796,33.274
64.0,240.26399999999998,275.408,121.02000000000001,641.2879999999999,733.058,324.91999999999996,64.512,74.128,32.303999999999995,15.274000000000001,17.326,8.91,89.998,103.098,45.074,70.478,80.858,34.728
65.0,212.032,243.352,104.53800000000001,594.552,680.5840000000001,297.14199999999994,60.89,69.938,30.132000000000005,13.422,15.224,7.468000000000001,79.714,91.374,39.374,58.00599999999999,66.812,27.564
